Time stamp,INFO,WARN,ERROR
1740588785.201908,69,77,330
1740589110.5952313,69,77,330
1740589137.4856808,69,77,330
