Time stamp,INFO,WARN,ERROR
1740534418.3103492,61,28,150
1740534438.0375025,61,28,150
